{"cameraMode":{"drawMode":0,"name":"Shaded","section":"Shading Mode"},"sceneLighting":true,"audioPlay":false,"sceneViewState":{"m_AlwaysRefresh":false,"showFog":true,"showSkybox":true,"showFlares":true,"showImageEffects":true,"showParticleSystems":true,"showVisualEffectGraphs":true,"m_FxEnabled":true},"in2DMode":false,"pivot":{"x":-3.410590887069702,"y":2.641181707382202,"z":0.009523928165435791},"rotation":{"x":0.02495737560093403,"y":-0.932844877243042,"z":0.06587323546409607,"w":0.3533448874950409},"size":1.8294014930725098,"orthographic":false}