{"cameraMode":{"drawMode":0,"name":"Shaded","section":"Shading Mode"},"sceneLighting":true,"audioPlay":false,"sceneViewState":{"m_AlwaysRefresh":false,"showFog":true,"showSkybox":true,"showFlares":true,"showImageEffects":true,"showParticleSystems":true,"showVisualEffectGraphs":true,"m_FxEnabled":true},"in2DMode":false,"pivot":{"x":-10.286005020141602,"y":-4.545095443725586,"z":6.630657196044922},"rotation":{"x":0.24676072597503663,"y":-0.13897043466567994,"z":0.03578120470046997,"w":0.9583929181098938},"size":15.992094039916993,"orthographic":false}